{
	"variants": {
		"axis=y": [{
				"model": "block/oak_log",
				"weight": 5
			},
			{
				"model": "block/oak_log0",
				"weight": 5
			},
			{
				"model": "block/oak_log1",
				"weight": 5
			},
			{	"model": "block/oak_log2", "weight": 1 },
			{	"model": "block/oak_log2", "y": 180, "weight": 1 },
			{	"model": "block/oak_log2", "y": 270, "weight": 1 },
			{	"model": "block/oak_log2", "y": 90, "weight": 1 },
			
			{	"model": "block/oak_log3", "weight": 1 },
			{	"model": "block/oak_log3", "y": 180, "weight": 1 },
			{	"model": "block/oak_log3", "y": 270, "weight": 1 },
			{	"model": "block/oak_log3", "y": 90, "weight": 1 },
			
			{	"model": "block/oak_log4", "weight": 1 },
			{	"model": "block/oak_log4", "y": 180, "weight": 1 },
			{	"model": "block/oak_log4", "y": 270, "weight": 1 },
			{	"model": "block/oak_log4", "y": 90, "weight": 1 },	
			
			{	"model": "block/oak_log5", "weight": 1 },
			{	"model": "block/oak_log5", "y": 180, "weight": 1 },
			{	"model": "block/oak_log5", "y": 270, "weight": 1 },
			{	"model": "block/oak_log5", "y": 90, "weight": 1 }				 
				
			
				
			],

		"axis=z": [{
				"model": "block/oak_log",
				"x": 90,
				"weight": 5
			},
			{
				"model": "block/oak_log0",
				"x": 90,
				"weight": 5
			},
			{
				"model": "block/oak_log1",
				"x": 90,
				"weight": 5
			},
			{
				"model": "block/oak_log2",
				"x": 90,
				"weight": 5
			}
			
		],

		"axis=x": [{
				"model": "block/oak_log",
				"x": 90,
				"y": 90,
				"weight": 5
			},
			{
				"model": "block/oak_log0",
				"x": 90,
				"y": 90,
				"weight": 5
			},
			{
				"model": "block/oak_log1",
				"x": 90,
				"y": 90,
				"weight": 5
			
			},
			{
				"model": "block/oak_log2",
				"x": 90,
				"y": 90,
				"weight": 5
			}
			
		]

	}
	}
